"session","created","modified","ended","expired","position","mc_empirical","mc_group","mc_data_type","mc_data_size","pre_process","rep_process","prob_rep","tool1","tool2","other_tools","storage","storag2","other_store","vercon1","vercon2","vercon3","other_verco","dvc","feedback"
"rBnDV9DZrkIHofDTw55ER5o7tKkt5QzTeRGVpUvz_h6u9H-EJhttdgXm_RK-FNzS","2021-02-10 16:10:12","2021-02-10 20:42:35","","","","","","","","","","","","","","","","","","","","","",""
"oPAgy1IRZ0fpABmVlE88r8e77cG2M9an4iiI4rxtTNI3wp--bJRfJT_PJ-vgeq_e","2021-02-10 16:13:09","2021-02-10 18:56:41","2021-02-10 18:56:41","","PhD student","1","2","1, 2","5","familiarizing myself with the data, transforming survey data, removing outliers or entry errors for standard databases","usually apply filters in a Stata do file, where the final file has all the necessary steps for reproducibility","with reproducing your own research it can always happen that you forget why you did what you did if you didn't comment out your own files properly; for other people, if you rely solely on the paper or appendix it's often not possible to properly reproduce their data","1, 3, 5","3","","11, 13","11, 13","","2, 3","4","2","","no",""
"","2021-02-10 20:23:44","2021-02-10 20:25:26","2021-02-10 20:25:26","","Postdoctoral researcher","1","3","3","4","","","","","","","","","","","","","","",""
"","2021-02-10 20:28:17","2021-02-10 20:28:20","2021-02-10 20:28:24","","","","","","","","","","","","","","","","","","","","",""
"","2021-02-10 20:28:37","2021-02-10 20:28:41","","","","1","","","","","","","","","","","","","","","","","",""
"","2021-02-10 20:30:04","2021-02-10 20:30:19","","","","1","","","","","","","","","","","","","","","","","",""
"_SSckJM63xWsBZO1W9dNBKhAcrCyFp7fQqNwv6mouD_qUBXx2T_A95nskrEb9vUD","2021-02-16 13:33:34","","","","","","","","","","","","","","","","","","","","","","",""
"06sAWkwCF1OX6UUID91VCqrnsZtAokEJUWJUmUL3IId7DLBPjeD-qXztH1L7f9RK","2021-02-20 08:10:15","","","","","","","","","","","","","","","","","","","","","","",""
"gXl_WCzi6kHPzgZsvxt8TbhSMzA9yoOEIobMXJV6wF9JHuHrr7XJMtKvh6xv6dmk","2021-02-21 22:30:37","","","","","","","","","","","","","","","","","","","","","","",""
"Vz_8Ad0NskEKz-RJ5C_Ap_ZS5yVK8YnBjhwiOyeFfH-eBonIVSN_MQ2gB9nmLcTN","2021-02-23 19:32:23","","","","","","","","","","","","","","","","","","","","","","",""
"HdgoRuR78B48DrhCg43QKCzVReoRzUknLWOjMcwNAoKSo4JeITY0uGfbWrYgDFtN","2021-02-26 18:55:02","","","","","","","","","","","","","","","","","","","","","","",""
"xda-5JVGYwiS4jPW4qa1Yz9QeotvKN9wnDuoYxnW_TzfRtqLU01mFYSFQ9xNSA4q","2021-02-27 00:56:45","","","","","","","","","","","","","","","","","","","","","","",""
"50KvdgsZSs9_-2iHsieuwXQxIkHBW0565YRThCGHP2EqxRFD49D2Pr-ONwg4JuWF","2021-03-03 07:20:32","","","","","","","","","","","","","","","","","","","","","","",""
"xGAexMtHVORllODPd7-iM-LiJWR7bRYR3Xzs7s0LPBPj5zPl3DBj35iQ-uMEJAEl","2021-03-05 11:52:45","2021-03-05 12:09:00","","","","1","","","","","","","","","","","","","","","","","",""
"VEptJSEyGsa03i64cP2BRT-W-QiPTjUbcoWhMVh7nhaq4Kov0gpPZfmhfwv0GeFb","2021-03-05 12:09:50","","","","","","","","","","","","","","","","","","","","","","",""
"kv5bzwr4D6JfAJm0Y-cejPbdD1jI78qNC34bpa7NtH2f8Ij32FM6vZjBBFgA4LcI","2021-03-05 16:34:53","","","","","","","","","","","","","","","","","","","","","","",""
"kGRe4RbpGcbta0TBOcsU2mrFeAB8MKsnUN4MRsm-L-GgDoS-hhruIbT7-7nrFYv-","2021-03-05 16:35:04","","","","","","","","","","","","","","","","","","","","","","",""
"YGGRW2T2HH3j4jIM-qiSIgzDBpD7V3ywYxmX6EkmjDRziVg2U0I2QMRGLA0UaCvD","2021-03-05 16:35:06","","","","","","","","","","","","","","","","","","","","","","",""
"O3bhshNk2bgRZp37U_cyutf97kpvyLMaGXo0tV-uhjWZKTCIT0ATcdVdEfClkKeJ","2021-03-05 16:36:44","","","","","","","","","","","","","","","","","","","","","","",""
"4B-hygZqxSW1yl9dyGGNaG0XQwT0BFXHrw2ZA4w9zVO-A22I6ZzMCN3DD6dCYZp9","2021-03-05 16:36:46","2021-03-05 16:44:27","2021-03-05 16:44:27","","Research Software Engineer","1","2","2, 3","2","data cleaning, filtering, keywording","writing scripts (Python, JAVA)","no","1, 6","1, 6","","14","10, 14","GitHub","1","1","1","","no",""
"t6FWGc-xv_nEAe2GyFdJX9CHooCvV5Zxzjf33M1ogvN-45BoS5Xxj0CoHZh24U9i","2021-03-05 16:40:15","2021-03-05 16:47:11","2021-03-05 16:47:11","","Postdoctoral researcher","1","2","2","5","Cleaning, data type checks, aggregating, filtering, ","I usually have all processing steps in a separate script and define clear inputs and outputs of each processing step, i.e. raw data -> cleaned data -> aggregated data -> filtered data. I keep copies of each intermediate step and never touch the raw data. ","Not really, since I always used well-defined scripts that are part of my (version controlled) analysis code base for data processing. I did not try to reproduce somebody else's data preprocessing so far.","1","1","","1, 5, 9, 11, 12, 13, 14","1, 5, 9, 10, 11, 12, 13, 14","If data sets are small, I store them as part of the analysis code repository on GitHub","1, 3","1","2","","","I would refrain from calling doctoral researchers ""PhD students"". They have a degree and their main role is working as researchers, especially in the European research context."
"2GO_s_XSHnA8pqjMvZDhQZqyN5A6-PXFt6NMXhRU3otTAJY0CSRVjgEsdDCFRBLI","2021-03-05 16:41:02","2021-03-07 18:38:22","2021-03-07 18:38:22","","Postdoctoral researcher","1","2","2","2","checking patterns of missing values, out of theoretical range data, survey time (unreasonably fast surveys), reshaping data to shape I need for analysis (e.g. one row for each participant at each measurement time for time series data)","I produce all analysis in an R Markdown that I'll compile into HTML. This allows me to embed the data itself in the HTML (for readers to open), display the R code, the according results and additional text or images all in one file.","Yes. I wanted to run a code that reshaped data. But the package was updated and no longer used this function, so I got an error.","2","2","","9, 11","9","gesis.org, psycharchives.org","2, 3","1","1","","","Just want to say howdy. Howdy!"
"GxDNaG4G1awcEZB23JTdRtB3not5eqegBdyYLGZmc2OHTNv6JSEHoiJ4cOc_dmTL","2021-03-05 16:44:51","2021-03-05 16:45:45","","","Postdoctoral researcher","1","2","2, 4, 5","4","","","","","","","","","","","","","","",""
"uFBi0rU7WfyyU-ERYaXbCJtKWhTruuK85ZbpZTHE8Wj2Jlgaw4994mun3nF5Xq0v","2021-03-05 17:00:46","2021-03-05 17:04:32","2021-03-05 17:04:32","","","1","4","1","3","","","","","2, 4, 6, 7, 9","","2, 4, 11, 13","13","","2","","2","","",""
"RFWvppbJdbUodVfoCcMmk6ceotDo2oRvQfn8NymxekbLUuQV1lUx6dAuW2M5V_4w","2021-03-05 17:02:52","2021-03-05 17:21:20","2021-03-05 17:21:20","","Postdoctoral researcher","1","1","1, 2","2","There is no typical procedure because every research project is different.","I script every step of pre-processing (usually in a pipeline of script files including Python, Stata or PHP) and never alter raw data manually. In some softwares that cannot be scripted, I note my steps in a text file kept with the raw data.","No, I rarely replicate others' pre-processing, and my own pipeline works even when I've been away from a dataset for a few months.","1, 3","1, 3, 6","There was no ""other"" option to select. But had there been, I would have added PHP for pre-processing and analysis, and Windows Shell (Command Line), Tesseract and Adobe Pro for pre-processing (image-to-OCR).","11","11, 14","discipline-specific data-repositories, e.g. intR2dok","2","2","2","","","These practices vary A LOT across disciplines and I am concerned that I haven't even been asked for my discipline. (You'll be able to figure it out from my responses ;)"
"Vg8_c3YiIFs3qsPc274cmdSe-EBOFq3UkQK-ETvJeGV3ZdvNjZcSHmCks7th1nld","2021-03-05 17:04:29","2021-03-05 17:13:21","2021-03-05 17:13:21","","Postdoctoral researcher","1","1","2","2","I do not understand this question. I do all sorts of pre-processing. Listing this tasks would involve about 100 items, e.g. defining missing values, removing spaces from text data, transforming variables, calculating new variables from existing ones etc.","I write reproducible code for all steps of data processing.","Yes, mostly related to version control or randomization procedures without seeds.","1, 2, 3, 6","2, 3","I recommend OpenRefine for data managment","4, 5, 9, 11, 12, 13","9, 11, 13","","2, 3","3, 5","1, 2, 3","","these tools look really interesting. Thanks for sharing.",""
"GCUptx6PIOpLQeYRywlfSvtZOwI-w3xUO6m_UrIcezg1OMdK-E973_KGEmeI63xj","2021-03-05 17:39:24","","","","","","","","","","","","","","","","","","","","","","",""
"2kYt2im3_zFYV9dMgeeyaBuIBD6CaU3E7MxUQTB-QUuTgRboC3nhhuHdETpya3qk","2021-03-05 17:58:04","2021-03-05 18:06:31","2021-03-05 18:06:31","","Postdoctoral researcher","1","5","1, 2, 4, 5, 6","5","very different steps depending on data","documentation
putting scripts beside the data","yes, but we get better ;-)
by writing one long script with sub steps to see the data flow","1, 4, 6","1, 2, 6","own written programms also in C++","13","13, 14","ped.fz-juelich.de/da
(linux server with apache and dokuwiki)","2","1, 2","2","","","I am interested in the outcome and would be happy to be informed: m.boltes@fz-juelich.de"
"tHbEJ5s_QhNgRfD6tjc7Ctq4rmYaJEXjv6vAFnE6KYQq6aqDxleLY5svYN9Omgoa","2021-03-05 18:28:16","2021-03-05 18:29:25","","","PhD student","1","1","1","4","","","","","","","","","","","","","","",""
"oSSSEMFrytS1mJ1ZloegKCBi4MjndggCssRA9cgO8g-e_sFmm2M-e_-vK1N0TlXD","2021-03-05 22:27:55","2021-03-05 22:35:35","2021-03-05 22:35:35","","PhD student","1","1","2, 3, 4","1","harvesting
selection/filtering
reformatting/restructuring
cleaning
enriching
","keep all scripts
note down any manual steps in a txt file","my own at the beginning, thus I started to note down things ;-)","1","1, 2","Also: OpenRefine and network analysis software","1, 11, 12, 14","10, 11, 12, 14","preliminary version also GitHub
final: digital archive for long term preservation","2","1","2","","",""
"nCv1QF8nhkXXtK18CNdLKF3dJR_jQR5JpNjZdkOul2QTpGdgdXVb8HvwJeO_53uM","2021-03-06 07:35:23","","","","","","","","","","","","","","","","","","","","","","",""
"-69gRC3l1uuwyNzr4nRsTYpYyU2l4W16O0kc3TnGHGCqNjyI5dmQPxGnpnboXXip","2021-03-06 07:45:09","","","","","","","","","","","","","","","","","","","","","","",""
"zCuzseXDKVhyjJ82y7yuOC9vKCd7j3U4t1dzC9eZ3vLr_sv6DVBlnCmu3N4myf3W","2021-03-06 07:55:03","","","","","","","","","","","","","","","","","","","","","","",""
"PbzotYeSR1Bn2GO6DL0OW0DUmLR8WYrJtEHY13-a3xeD8pPQN_XHxEZ3szNaUFJ7","2021-03-06 07:55:04","","","","","","","","","","","","","","","","","","","","","","",""
"3qvHRhbC3SHnf-8i-kYmg5oK3G1i8pe64B1mqHoJNaVCLRyxkk4pz7Dj7TD6VM9l","2021-03-06 07:55:05","","","","","","","","","","","","","","","","","","","","","","",""
"CvLlCe7j4KTh04mQ9UAX497AYjeGbGsKWmSKqJwVwWfsBvggtFy4xicH74vnlYJ-","2021-03-06 07:55:07","","","","","","","","","","","","","","","","","","","","","","",""
"sPOYzxtz_w2nUk856RpvJMKySCZNDrtEPlQQwsaViU96iYmD3iu7GNGMma08EVq2","2021-03-06 07:55:08","","","","","","","","","","","","","","","","","","","","","","",""
"nxwW8E0j5uT-5Y8GpyJlCEBPlFIou8lrZiKBrkmNP-05OP_9FDhRBSZaAgewmkXj","2021-03-06 07:55:13","","","","","","","","","","","","","","","","","","","","","","",""
"jFIetBPpzNvZpiz-G0eK3inganj9qbVh61JrICtQ31zgXEjWc8vul59HopM1qZUs","2021-03-06 07:55:18","","","","","","","","","","","","","","","","","","","","","","",""
"Jm0KS3uTrV27PZXj71QXzizvELwwe6Bj7JNU-sQC7mATHAK301gOE504SSuZ5_1I","2021-03-06 07:55:18","","","","","","","","","","","","","","","","","","","","","","",""
"-pgm6Mv2PdxF5sutVAS_-QpBzFIyaU6Osg7F1g1sRu2rVdV4MQlOcCx3du-AHqzJ","2021-03-06 07:55:27","","","","","","","","","","","","","","","","","","","","","","",""
"f-tIRipcZ9d-7cObRpAOfIbSihkAdUGTwRF68ASaEuFZh3lOW3DxbpBXo_5gfmSR","2021-03-06 07:55:59","","","","","","","","","","","","","","","","","","","","","","",""
"jXia0yLXo9xTiawHXEJHJRC8V88-wl376Y0ccw9f2urx0aQRYNZYAwGH6sT-SpM8","2021-03-06 07:55:59","","","","","","","","","","","","","","","","","","","","","","",""
"zcKM4vpyabgrdEvWwEqXNufbQKRkwZAbF9Uc37dCm7LOdRLFLfVo6ipHapmS0N-F","2021-03-06 07:56:26","","","","","","","","","","","","","","","","","","","","","","",""
"yi_wxCtq8MFHjh7I2kSVNz9HzF2X-qfSbh-nhM346SoaNqHE_NVf_OEDhhx6VcXy","2021-03-06 07:56:28","","","","","","","","","","","","","","","","","","","","","","",""
"uB2glcuhCpyjCeMkU2elov2zf4sWlA2B_T02yu_Mmlnguu3qrMvoLWZUm8xMxJbs","2021-03-06 07:57:11","","","","","","","","","","","","","","","","","","","","","","",""
"y-y00zQS7TZ0YazqN5DfY2QD2lxTBh523kR9gf8mvZ7UU3eLY_OYY0h9QOh4yb6F","2021-03-06 07:57:18","","","","","","","","","","","","","","","","","","","","","","",""
"8msrimsNkWNMI6W7okCB0GobIl6ygqugPXMkgUy_y13jgXJ1d2ArwFkjcGPXb8i0","2021-03-06 07:57:18","","","","","","","","","","","","","","","","","","","","","","",""
"fLC-rc1qry2z3vthBnD5sVyPYJJQkT_1UXAu7pi2gqY47mlzxqJaJ7I9puop_H9i","2021-03-06 07:57:20","","","","","","","","","","","","","","","","","","","","","","",""
"3Sp6zHqzOer-nFap85vkGQuopvvxQukDvEGbN644nOesnooWU_d8qvbIyEQs0Bxf","2021-03-06 07:57:20","","","","","","","","","","","","","","","","","","","","","","",""
"Rhj4Y2VsklYXI52_x55D-NdLyvmQPn5_VEj3ZgoS8nPCUdIUMAfqnrBrbqc_sv04","2021-03-06 07:57:20","","","","","","","","","","","","","","","","","","","","","","",""
"PBUSR44WPi8VXN4wfG3n2sGkzRNjGEJ8gPVWBRyqKblDqz7f237viFMu64IFSBfw","2021-03-06 07:57:25","","","","","","","","","","","","","","","","","","","","","","",""
"YH0mIlZcW44UHA-I_pU9YqDUat9ARe2n0tOGz_sIfIqj6ENDthPIEv3fTEYQHRhA","2021-03-06 07:57:30","","","","","","","","","","","","","","","","","","","","","","",""
"gbXMmSnv0E0uGdzMTiXDV6zhDn9-vFEv7_T8RZQ--th0Xyx8I6moblynfTiq5n9J","2021-03-06 08:00:27","","","","","","","","","","","","","","","","","","","","","","",""
"94TDL9WhCBi9PEJzzMBKDJLmzmR4xpmbL-2dueSqiF2W5y5NI6Q7_gSuWfpdwVOB","2021-03-06 08:00:54","","","","","","","","","","","","","","","","","","","","","","",""
"XdTqwXEo_6ptKMFIhLha_XpT2-5FG1OCuH9nVxnIlN7zutctMkSPdxWrS_7QzkKw","2021-03-06 08:01:28","","","","","","","","","","","","","","","","","","","","","","",""
"Lcr4f4D4RxiLtbX1BB5UGB3Z4KCBSfWH_tCuOQO2eHXWOAM6ydirMY2hQds2Yw2C","2021-03-06 08:10:00","","","","","","","","","","","","","","","","","","","","","","",""
"yr4-s6gJGyoBNfOdTqgigYOrXKSwClOLSPs5Y8nHuQtTNjf11o3AdBpN4k142Jh7","2021-03-06 08:10:01","","","","","","","","","","","","","","","","","","","","","","",""
"uAjcnS296VlZW-qYr4bt678QKhVkm-H9tZieI1-ACwIdwWR1nZXcZJeqHUw_R-6r","2021-03-06 08:10:01","","","","","","","","","","","","","","","","","","","","","","",""
"5wCSeDXrOxanEI82TzJBtP-6GIwQ2-jIhp3j3mtjYThQU1s8CeKx7b3KB3UcAiDg","2021-03-06 08:10:02","","","","","","","","","","","","","","","","","","","","","","",""
"nhnwmteOZUZIin-ligqDHfC4-P5zkXxSnNKi-JMTPWV64NEKdlTFVqok4r-OAQeL","2021-03-06 08:10:04","","","","","","","","","","","","","","","","","","","","","","",""
"TvpwTwXZPj7uKz9zIjOxynZ6WU6GUzAZB_M7Kx_eHBu4J_ja4rFzZpjWDt1KLPns","2021-03-06 08:10:06","","","","","","","","","","","","","","","","","","","","","","",""
"yeJA0q-2ynWxiFWk62ppl2Wtr2S6InfZ0uTtjQGzNmykB61iIEAhoZZweLaVJnzR","2021-03-06 08:14:51","","","","","","","","","","","","","","","","","","","","","","",""
"D3AZ2uDDZvsQvQoRfsnISus4eoGnm-hTQm8ez71TrkarojRczwNAa5oxuOrNb3xD","2021-03-06 08:14:53","","","","","","","","","","","","","","","","","","","","","","",""
"sFBaPIo00x474VyHHSlmTL1UTsYX_MuVOptvslYPdduk29oStYJkd9G1No7rb7mC","2021-03-06 08:14:57","","","","","","","","","","","","","","","","","","","","","","",""
"l6Ysl5t6z75U0v3BfpJjidbVB9lGL6h1bXRAtWPWcZ1ph7ZFtLbSuDfxJ6bc7zmT","2021-03-06 08:22:32","","","","","","","","","","","","","","","","","","","","","","",""
"wZX0mCsX815VmatvfZclWVucj7SJ97GgSrP6jLxk5SZpiextLLTIBRuyLopy97hf","2021-03-06 08:38:08","","","","","","","","","","","","","","","","","","","","","","",""
"0L-GNwnr6WftdvdRdXIuGIwjdRXp_nZOIoAf-s_8-H5olvv6v7OAgfGJfuikmtST","2021-03-06 08:44:00","","","","","","","","","","","","","","","","","","","","","","",""
"IteerrSe530FpAwKx8KbBnETFH6JmsTq427Sj1ZW9obo9N6ezqavwGng7aRknX7e","2021-03-06 08:44:00","","","","","","","","","","","","","","","","","","","","","","",""
"iWEMfy6l21UPVg4ckoBi4UNjQS5-TqAlfmNJVeyw9Ao_Okl2iV3-_XI8oT8khCCC","2021-03-06 08:44:01","","","","","","","","","","","","","","","","","","","","","","",""
"deK2gsHigy6iyo27O7wgf5Bc2yc8_ztYOdoO-PXW_yWOQfStzAE0CWimOOvJMpPL","2021-03-06 09:07:45","","","","","","","","","","","","","","","","","","","","","","",""
"tgU8z6DoycuBCEpEoO8wsno48addFJrBvJsFBWLEbnZG6f-f5blBlbTWbGzTke9c","2021-03-06 09:18:28","","","","","","","","","","","","","","","","","","","","","","",""
"_tWYolo8WaHrczgPAcFHvkoNWwHHdSjdoA1-4yjvX3E_5Q2_Wf_rGB3JgdFdflrn","2021-03-06 09:26:11","","","","","","","","","","","","","","","","","","","","","","",""
"6f82c1-TsVeER5EPyhC_HxXNVrtKYLJTi09AhnSumY5Rs0BZIE5-xCiM8nmlf9ma","2021-03-06 11:08:30","","","","","","","","","","","","","","","","","","","","","","",""
"IcEfiIkuHpMOIU8ZaDA95N0ugyfquvk2fJQpWZNrV1v4MqPcCDi1dFj9NUCm_Eqo","2021-03-06 11:42:11","2021-03-06 11:43:52","","","Postdoctoral researcher","1","5","2, 3","4","","","","","","","","","","","","","","",""
"XZcXyyKmsno41vMd_LPWjo4s7f6lIdUueIeHO1m2nf7z_GkX5ujYnQE08huI_qzf","2021-03-06 13:08:09","","","","","","","","","","","","","","","","","","","","","","",""
"9RrMdV2HnwmNmejJFYzyx88HDDp9hEXfSr2jLAiwfu2KLjvvi8UKCyIRd9AP8t43","2021-03-06 13:32:35","2021-03-06 13:40:39","2021-03-06 13:40:39","","Postdoctoral researcher","1","1","1, 2","2","- data collection (automatic or manual)
- data classification (Excel tables)
- data annotation (metadata, softwares in corpus linguistics, tagging/tokenisation, etc.)
- data analysis","see examples here: https://www.ortolang.fr/market/corpora/uk-parl","right now we're experiencing big problems with twitter data (qualitatively), see: https://twitter.com/BerLinguistin/status/1367506503356329991","6, 7","6, 7","there is no ""other"" above :)
but: open source software TXM: http://textometrie.ens-lyon.fr/?lang=en","1, 4, 11, 12, 13, 14","1, 4, 11, 12, 13, 14","+ Ortolang: https://www.ortolang.fr/

(PS: university servers work through Next Cloud)","2, 3","2, 3","2, 3","","I didn't know of them but would love to learn more about them!","You can email me if you have any questions: naomi.truan@uni-leipzig.de. 

Ich bin auch Fellow Freies Wissen in diesem Jahrgang und freue mich, die Ergebnisse lesen zu d√ºrfen! 
Naomi"
"QTStDCjwSl_6D2TDQUsJrHVFH099Pjn3c_KeDafBmjW8oZmE24wJ1Rig61XQ6zPL","2021-03-06 15:14:59","","","","","","","","","","","","","","","","","","","","","","",""
"8BBVCu6axLgnjQ-1e4Xi4V5E9P2eyWO4z7vOovKCgMrcUaRzpUKGzLY1ILBu1_vM","2021-03-06 15:46:39","","","","","","","","","","","","","","","","","","","","","","",""
"ZMcepnWvbBAz9iD8J-VOEIyM1_5jaSpyJYRbVHUM6TdeH5Xqmur9j__0V6VALpoB","2021-03-07 03:01:53","","","","","","","","","","","","","","","","","","","","","","",""
"jJJXiFXQQYQBWAevZEDd1OY3n1_Si__fEroK7WghPgIOPpBM7WHqj0krzmxYjwQ0","2021-03-07 03:01:53","","","","","","","","","","","","","","","","","","","","","","",""
"zqygM_3qv1psCEXtWNGH6wEdPuU4gaXV5UpAo7gPiyAXmbKSxu4pXd-ozuffMia1","2021-03-07 03:44:05","","","","","","","","","","","","","","","","","","","","","","",""
"s8TRyhuGXsfOipssTesodJ6CvHPTPm0bXCGSquLdca6fyHi6nKECPpDzCpUHRd4i","2021-03-07 03:44:06","","","","","","","","","","","","","","","","","","","","","","",""
"eP-SwJz5ZEouTOyEZDdAaUfVhKP74xH5Lok7S-LIvJGxpAvrw-fVgKbhIznJRbh6","2021-03-07 03:44:07","","","","","","","","","","","","","","","","","","","","","","",""
"koRFZ7t5Qx6WpTeldD9YDO16cw2HYtoM5ohxh5guoVKYHhjKvrP09EZ3e42XaQMW","2021-03-07 05:14:35","","","","","","","","","","","","","","","","","","","","","","",""
"SzwfMZXvJ1gAe38h7BzhkIfkiH3eb20EC-tVKkyEuSYH-xwJ8xnO5M0tQf2FQteH","2021-03-07 06:17:04","","","","","","","","","","","","","","","","","","","","","","",""
"D__fJgW0z_oKz_gjMEmmolYxr3kyg8SUYVWJcDb4EpbaN6rvtFnOy5wWc8vGqZfU","2021-03-07 06:17:07","","","","","","","","","","","","","","","","","","","","","","",""
"QSvyUc6EzTyrsIvk8FD3WS-2Kgy1z8EjlXDrGABs9Bc5HrS3PEhpDNf_TYOvzjw1","2021-03-07 06:17:07","","","","","","","","","","","","","","","","","","","","","","",""
"sjfXPL5fcsQv9-nhZy1Tz4PBHUAy5QAP_XD8ygR0HpvBcFN-7MJ-_9eibyolZA2U","2021-03-07 06:17:08","","","","","","","","","","","","","","","","","","","","","","",""
"s9iPH_8DwOQ3FZPofvzUqJd8e9CJtmGQoN-W__w9IroR8UsoCxRJb4gitwjOpMD4","2021-03-07 06:17:12","","","","","","","","","","","","","","","","","","","","","","",""
"D4jbuP9cHFkiWXr4tk1MZ4KOpj7jxfVa9GsFK2J1W2F5SY003KSRfoq02Uvk61pQ","2021-03-07 06:17:37","","","","","","","","","","","","","","","","","","","","","","",""
"sUFEx8wvFfUKZLMNAi8yr8DoTBlRVK8ulP58P84sHpf4QC6nLtTtxp-IkRvE-y7A","2021-03-07 06:17:58","","","","","","","","","","","","","","","","","","","","","","",""
"sRduZ1K4ViAJu8oxyVJHPtGUo8oBhb0B4FRnhXOaQB27DTuaN_ztFECaV_KT2NyP","2021-03-07 06:17:59","","","","","","","","","","","","","","","","","","","","","","",""
"30fXAF55-VyPpzx2M6HU1HMwXA6olMf5KFESBSVi-y8DVA0KUhXogosjcWac7EKH","2021-03-07 06:17:59","","","","","","","","","","","","","","","","","","","","","","",""
"bLn5yaATjEC499omYQb4fffiYAqaKrZsRFTy51pLD8ouaHWQuOConnxDs4NqtNzB","2021-03-07 06:18:05","","","","","","","","","","","","","","","","","","","","","","",""
"54HRMfynCaVnfKYXtGuuP40apeYcrP1DvP62yWd6oyQ-Bv9cOHSPvsKM_IC0Qf1Y","2021-03-07 06:18:32","","","","","","","","","","","","","","","","","","","","","","",""
"a8cVSuUTXeR2-hvC0eWFChXP5I3SZqRfE1K03SfjvigLG54q9rnFyHMdO-I32Fqt","2021-03-07 06:18:35","2021-03-07 19:01:49","","","","","","","","","","","","","","","","","","","","","",""
"BoEp1mRF0lPGd31k5CQ33g2klTkGCK9S7jgfQK-61BQmriLhAo-CuOJB2Ec7_RHX","2021-03-07 06:18:36","","","","","","","","","","","","","","","","","","","","","","",""
"P0QHYsO8YvUA-xbiEUSil1swJpXYkttu_Ze2uO20oGVL4Ce0t1H63m1HxSSkh0aM","2021-03-07 06:18:36","","","","","","","","","","","","","","","","","","","","","","",""
"BjEfCKYHPLgg9BIBRq6iKIPyjekLaDJTeqcPlAsnC1lQpCqitauOdPfX2TqAk6ja","2021-03-07 06:18:38","","","","","","","","","","","","","","","","","","","","","","",""
"qk58k-QSfEFEHSArv7kC1CmChIC69GtoPRzVG1xTuJzaoziBSUVQXTzI-Q8EB6so","2021-03-07 06:18:45","","","","","","","","","","","","","","","","","","","","","","",""
"Tlr-po1pmTXBgKdZvTwKnaD_47r1v_GZ1lAaHSjJc-P01obpbbnbaDWVNmAB60Q2","2021-03-07 06:21:18","","","","","","","","","","","","","","","","","","","","","","",""
"xjv5bljuHX-2Z_oc3SI1SO5zTk0RXHivdgtEGGt7Iem321ub9_TxqaAtZm6eWQH_","2021-03-07 06:21:20","","","","","","","","","","","","","","","","","","","","","","",""
"gqjyomTqZR4_op_e3pWY1MWiOL-oh7qRenb4J6RSo4Eaetme0gJ1pQHBDRPzcdJL","2021-03-07 06:21:23","","","","","","","","","","","","","","","","","","","","","","",""
"hysIMWfTTzjsjxgDovBZe7mOFiwYR6ar_R3dLk0uvxW3phOOlXmwJmXlqRkGOb-L","2021-03-07 06:21:23","","","","","","","","","","","","","","","","","","","","","","",""
"sGjB-qPqQgH4GcTpjYfmfRkEOYzV1FOsulHZ4KKGXVWsHCTCrNv-o0qJImU8vgn9","2021-03-07 06:21:24","","","","","","","","","","","","","","","","","","","","","","",""
"hjukF78yh5IiPGw1tk7iE3iOUoqrmpLgQvx9LE7Y9kx81ozE47lMZGkwtzrXgMK-","2021-03-07 06:22:01","","","","","","","","","","","","","","","","","","","","","","",""
"5IZeu_eSv2UqVrU-sdpXpZAIfKD7mu5W10QIj00qDs3DyrFJLcUI99mIWN1tf7G9","2021-03-07 06:22:02","","","","","","","","","","","","","","","","","","","","","","",""
"6le9IbY5cAvWTJAp2IZcKfpzsgapmNVr3oqUO7DwhaTnG3GxEonUcv_lcHhHnLb3","2021-03-07 06:22:02","","","","","","","","","","","","","","","","","","","","","","",""
"P3TBxf3AgZLjS7aV64qbP4bym6b7HzgK8vwriI6PjtBIyK0TPzMpia2Q0LFXiO0L","2021-03-07 06:22:03","","","","","","","","","","","","","","","","","","","","","","",""
"iF24rgqcJGYj5C5e49fryGZR-bm7-lpVAlq9fSN97zKUNQyVHOAna5bVE0ec6isb","2021-03-07 06:22:04","","","","","","","","","","","","","","","","","","","","","","",""
"TVvvrrZUkoDPHKA4uqDL7RTa4EC2rJ9M3sRIqKSXDDPOqEXcK0hclPVZ37ubCU6m","2021-03-07 06:22:06","","","","","","","","","","","","","","","","","","","","","","",""
"mJsaecbJrjHUBTU4ckEe62Vwm-n5uIN4zKoMiH5SohlxfbkGOqUOOPKYVSHwzzym","2021-03-07 06:22:07","","","","","","","","","","","","","","","","","","","","","","",""
"w7vLFyTN7wynEchV3tYq8wgGDt9cHLoAFWvJ9Inq2-WLCL6t3e95m83POpFHdb_Y","2021-03-07 06:22:08","","","","","","","","","","","","","","","","","","","","","","",""
"OiAurKFVPcumnpOUbaesgp4268Fq3QZPZqEBnnHAkgQyTXYeL3MhKEpwNA_mALTu","2021-03-07 06:22:43","","","","","","","","","","","","","","","","","","","","","","",""
"70bMAfHarGod9h_PLtwlcR8eXdPpmg4POl5YR8ldvdVN6NocbiZaaSAyzzvmivH1","2021-03-07 06:25:07","","","","","","","","","","","","","","","","","","","","","","",""
"FroLHjOYhhLEye3Rs7PbS7uSXprJMtuxwA5EHB71VeJ7xCrwR-jlk3WpRO7NcbcE","2021-03-07 06:31:21","","","","","","","","","","","","","","","","","","","","","","",""
"RM_gcMT8h2TMr-4RGVqAv7WcTDSAh3tlunna0LJATiF36c8s_b8vGauipDuT6ymY","2021-03-07 06:46:47","","","","","","","","","","","","","","","","","","","","","","",""
"8Enr0e3MBCj5MBoFHPg3k9kWIGxhSbqgLNIkfN6ZrUw5Eq6Bd0zQht3IS3m8vIyE","2021-03-07 06:46:47","","","","","","","","","","","","","","","","","","","","","","",""
"ZdhwTu82irJziKAbOoayzG1fRAbBUL-LnPvuwTBvUeCs-LEl2X9NZeliZvCHz4qd","2021-03-07 06:46:48","","","","","","","","","","","","","","","","","","","","","","",""
"lB5gvDw0rfQAj8xfwhDS06HMbikuHg9MBkFt2PwaEZ1AutNweAGKOgEhHVF_wQ5z","2021-03-07 06:59:49","","","","","","","","","","","","","","","","","","","","","","",""
"YsuDFpnBnCx-ZxULK-Kbpb-eKSgitsl7n29exDJWmTwIre_MfnmcioakvV0COd9s","2021-03-07 07:00:48","","","","","","","","","","","","","","","","","","","","","","",""
"4fcMaMFyyzsnFLiAMkm9WD4h342-GgwlKpn_delcVfrJ-oc5fTFYLqxVQsFZe3Q9","2021-03-07 07:00:53","","","","","","","","","","","","","","","","","","","","","","",""
"xLsHf4nMpMP5OQDc-QxSS8ZpY9Wcs5mEGFN59C6hRZEtDGtzax6jkwh18HifGWVQ","2021-03-07 07:04:04","","","","","","","","","","","","","","","","","","","","","","",""
"MYLgef0VFz56SCbDHHq72ZF2sa-QbjVs4LFkzhYe5fDLqSA5yu17f_-Kb08n2NSI","2021-03-07 08:39:25","","","","","","","","","","","","","","","","","","","","","","",""
"9XTn05SnoYsj5CSvH9MwnB1nvGYVocmdSUU67YXLG1FMC22utq_UcYFqPLfsF2ZL","2021-03-07 08:45:02","2021-03-07 08:45:41","","","PhD student","1","1","1, 2","2","","","","","","","","","","","","","","",""
"uuVp8M9Q_lR3dbsgrzV8iDFg7UxkGcxWyjQGfzz5kNst_Oim8T3n_4IPxv4s5L1i","2021-03-07 09:03:28","","","","","","","","","","","","","","","","","","","","","","",""
"sVCrK_1rK2VN7sBqOXlEcpCxALF6bdcMbbGXTz8Hr8spGZKl9tRQCV6HdZI4vspp","2021-03-07 09:03:29","","","","","","","","","","","","","","","","","","","","","","",""
"O413lwC57N_6a0gkNo4AeFxwtT4Qi1QsUHyRoF5SpAHKc3vtE1we9ovBV0ZkW7GY","2021-03-07 10:50:12","2021-03-07 10:50:24","","","","","","","","","","","","","","","","","","","","","",""
"ABoJvy6Az65P6HSgtnaCehniOculeL9RhqcF20etalU5iOZJxEG6zMzz1cLewAaS","2021-03-07 11:32:36","","","","","","","","","","","","","","","","","","","","","","",""
"O5-AXCfaBwzeup4Wtc3uWJ4I0YQo2SdC85QQgncRUllTVr3KWr-Y_UFAgDe72LsB","2021-03-07 11:32:43","","","","","","","","","","","","","","","","","","","","","","",""
"Kr7d69FgHDYBLeIfVPIQCtFYQpsUX5Fz_dn7ncS_tiLX1sLujw6lWj9zrGsEIy5O","2021-03-07 11:40:20","","","","","","","","","","","","","","","","","","","","","","",""
"Rn0ZtOjJ13XeBqoRpoZBEr0PmUD6z__EWn7beCfj7zCoh0XrFIHohVD9aic1Sbgs","2021-03-07 12:06:22","","","","","","","","","","","","","","","","","","","","","","",""
"sWW08ubN2xYIUmn_bQ1gLKZyNMNhIJE-yUIliIlmST5YlHIA2xbicpZmnflmVkRW","2021-03-07 12:06:23","","","","","","","","","","","","","","","","","","","","","","",""
"bdg8i68aeYVsaK5F2JMDqTvQsTYYWXAhnp89W1tgI_tUBi-Sv40J9AFZ5ZbZIwaA","2021-03-07 12:06:24","","","","","","","","","","","","","","","","","","","","","","",""
"1eclhbLkwwSUqvwfZKNhRAxE9AYbY8bAOSG4k5NVeJ6LQtf5lbxmcmrsTBH0_FRt","2021-03-07 12:06:26","","","","","","","","","","","","","","","","","","","","","","",""
"UGuBe3slOPT6HNlbMZB117dlu2lMMWbzj9oO6CghdwdtGyFlw9goiozpRma7HPXo","2021-03-07 12:06:27","","","","","","","","","","","","","","","","","","","","","","",""
"islCYCeGxosL6lNPoPmH6dR2-m1CU0bp_RvhkNQMamDMfymBUhHJJBhLWnBGkqCj","2021-03-07 12:06:32","","","","","","","","","","","","","","","","","","","","","","",""
"ZMP7C4BBc3pbLgg6TCWFaCyU0bLJ1Net0kxx5FgZ-1Q_P8DlAmS-PJleqHO0XtUS","2021-03-07 12:07:05","2021-03-07 12:07:45","","","","","","","","","","","","","","","","","","","","","",""
"R39rtEFQuXR7b-tXo74wHHhlmBPncVpDzGb7eM2HVwoIsZZVxJGdbWMHaEhxEhcE","2021-03-07 12:07:46","","","","","","","","","","","","","","","","","","","","","","",""
"I1Evc5KFJj4PRKsHjD9JoYGqhMyjaS2YghcOxzOhgOp8VH5ej8MSneeDRJGpdqJC","2021-03-07 12:08:20","","","","","","","","","","","","","","","","","","","","","","",""
"U6rZsTf9_wJRuCfk0PoO6U5CKnyJo4b9L8teUj8MxyKAkUDrUJ6N2Z22GexwMeFE","2021-03-07 12:14:12","","","","","","","","","","","","","","","","","","","","","","",""
"zcPsM1WgemUI2PvQ3O05HiUoOLX7UtRfUQPYCI3boy0eNTyF4xlPC9hUXlNTvpfQ","2021-03-07 12:14:13","","","","","","","","","","","","","","","","","","","","","","",""
"7GfaI5ICSzKwsCS1_wYW-SFPd1dOo3fpREMtvHRRL7HvG_VzUw5qGnypcMvmgOpa","2021-03-07 12:46:56","","","","","","","","","","","","","","","","","","","","","","",""
"MVEHsRz3q0Dnf-sU8a5BZWQo45Ha-b4cYEkhlAytJKdKQZATMciDH6GgpYkTnDKF","2021-03-07 12:49:15","","","","","","","","","","","","","","","","","","","","","","",""
"qllSW5IIpopD0sLl5W-2apF9667SIKVtl2LUuGbTPG7sYRz6mhbshOudJvzlLGWo","2021-03-07 13:43:20","","","","","","","","","","","","","","","","","","","","","","",""
"xM94ETrtXoEwRi1q08Fkay_QTlgIzfODt5lxec2S0-4Aq98WMg2vfK0D6SPt-aiP","2021-03-07 14:58:01","","","","","","","","","","","","","","","","","","","","","","",""
"c9rcqHfjHiJZ1Hg-QFXXXduZevinaZBRk4N2o9lfrxE2dTjLQuNUBAn1T-jMOTcy","2021-03-07 16:01:24","","","","","","","","","","","","","","","","","","","","","","",""
"p7O2yJOZRjI7fVxAZSXHr-2BlTdGxU9H1nNhWboGSFrCx6HGQov-75x42u0pGd_Y","2021-03-07 16:18:55","2021-03-07 16:18:55","","","","","","","","","","","","","","","","","","","","","",""
"Z1pY_KEFZreIXXD8IPg0sakbb9spYYDKVUDFTB_Pk0V0HJrigeDID-YBjRthcI8q","2021-03-07 16:18:55","","","","","","","","","","","","","","","","","","","","","","",""
"7PKqRMlJabJ0wVEOTuiIdYD9kekNwfhz_WhQX_BDO4ZBnWcv3hQv1g6pUjF631Oi","2021-03-07 16:43:09","","","","","","","","","","","","","","","","","","","","","","",""
"CKcvw28zVu7wjzOZGHTGM3EILEL1lmsJ9Zc72ovs5S630VtdZSsllZCRrHPgyajE","2021-03-07 20:28:34","","","","","","","","","","","","","","","","","","","","","","",""
"ckjcqNfmOCuhwj93h46noJ-zDokgH1_MQB6c5LL-hStenDg6sN_75sEvDDen_i3o","2021-03-08 05:22:28","2021-03-08 05:22:29","","","","","","","","","","","","","","","","","","","","","",""
"CCNR3XY_iO6QQcVIDiM3CYRo19-smGOz4yt53bUaf-TdQVWLm4UKcRoJECCUg7ii","2021-03-08 07:23:21","2021-03-08 07:32:01","2021-03-08 07:32:01","","Postdoctoral researcher","1","5","2, 3","4","- plausibility, range check
- despiking
- manual quality control","-metadata are published with data set
- the metadata link toa document where I describe the quality control in detail
- code is avaiable upon request","yes. Not all filteringinterpolating has a common agreement. ","6","","Matlab. (Very) slowly migrating to Python.","5, 11","5, 11, 14","data are stored at dedicated data portals:
www.socat.info
www.icos-cp.eu","2","4","3","","",""
"vuk3eNOCIbh709ko6JIw8Y88NJGliHieQitlFirmdgLsGTJ0V6dTAS_uYtiEegcP","2021-03-08 07:41:41","","","","","","","","","","","","","","","","","","","","","","",""
"ivSM0m1psPvSeNS2f6oSaNM1dox0Dl3l9-7CWC1YmkKNL7K5AQnogfY1DvY70ChM","2021-03-08 17:59:05","","","","","","","","","","","","","","","","","","","","","","",""
"wDfI4UCwEmQDrQup5pvGtYD25Q9bF1JcMcViGYVNAOz69ImVPhSYuGGRHn_AwbxJ","2021-03-08 17:59:06","","","","","","","","","","","","","","","","","","","","","","",""
"F_35YNwg_TU5lRtcwiwfj5jCN5laU3OjcbkZU1obRUFu1Mb3T5bl5ZJQhciAVnd-","2021-03-08 21:50:36","","","","","","","","","","","","","","","","","","","","","","",""
"-YJAT5aqbQiieF97Kok5ieIgjiZ9bb_63iQKZNJnfJM-rSbNz6QGXBzwc4g-N3xb","2021-03-08 21:50:48","","","","","","","","","","","","","","","","","","","","","","",""
"nLnr7IzhHYO4frIHr6dkqvrL0ZRbIIdph3dLS7mqF5nVbRR2aH49rxI841XDezag","2021-03-08 21:52:55","","","","","","","","","","","","","","","","","","","","","","",""
"Yxnmc6Gwm1s07cHOwZvMW-xfr6FofBTlA2117n1LOh-fNEnBUZOfdBUzx7r1llF4","2021-03-08 21:52:56","","","","","","","","","","","","","","","","","","","","","","",""
"POu0drUDIKKpZzPhqfgWNQLUb3wrwguJrYuYKlGasm-PhFc1MF-xufyj6Cx4nNzo","2021-03-08 21:52:56","","","","","","","","","","","","","","","","","","","","","","",""
"SRDFS1AYgil2vRBjLd95t6DE40WFM2JGfby7nGI_sMGy8xI0TRPLx0vn0c--0YBG","2021-03-09 05:03:38","","","","","","","","","","","","","","","","","","","","","","",""
"hLPD5oIsTLvkOlVJBmXVzL-cQ11j2q7kt_TrEQhn4AmyhCWdWVwq_JSxwZU09SoI","2021-03-09 09:22:48","2021-03-09 11:16:51","2021-03-09 11:16:52","","Postdoctoral researcher","1","3","2","6","1) harvesting
2) filtering
3) enrichment by harvesting other data sources and combining the data 
","we add a readme file that documents the single steps and describes output and input-filenames and column-names within the files

the scripts and readme file are  stored in a git repository","it is not always easy to distiginish and pick the correct files. this problem  occurs when the script names the output files automatically","1, 2","1","","1, 5, 10","10","GitHub GitLab



please add to my reply to the question before: shell/bash scripts
(its not possible to go back one page)","1","1","2","","",""
"MUYpw5x4F55mUpIXeTxp6D0ApxApV3-k463dWvGERVBQFTqS2qRDRkcjcYZXmP2Z","2021-03-09 11:30:08","","","","","","","","","","","","","","","","","","","","","","",""
"LJed2tIVpI2IeZHgfbG2ypfWgGussZeJNIY6wv6IgJ0luDf09jmlARh96E22OwGu","2021-03-09 11:39:14","2021-03-09 11:43:53","2021-03-09 11:43:53","","Postdoctoral researcher","1","2","1, 2","5","For parliamentary discussion we often look for sources of data that are already parsed (xml for example). If not we have to parse pdfs (not fun).

For survey data we usually have to import into R (often from a csv or Stata file) and then make sure country codes are in order.","For 2 years now I do all this in R markdown and using a GitHub repository.","YES! With R updates, packages sometimes change and the code can no longer run. ","2, 3","2, 3","Mplus also","1, 4, 9, 13","","GitHub is a good place to store final versions, I also like uploading to the Harvard dataverse.","3","1","5","For datasets I use the original datasets. I never re-name datasets. If a version changes then this is a new dataset, not to be confused with the old one.","",""
"tL8MSOjj8AF0WEFD08ur7RaUQ5xGT3T21iufVRXROSYJaqVrL1qFh3tPO0mdCVZC","2021-03-09 12:02:16","2021-03-09 12:02:34","","","","","","","","","","","","","","","","","","","","","",""
"Ffc-xX_mhFC-9llVuOLK6ftcWXwmp-PyPXqJS0EnA1D6gWEWFVA_HWMh1i5nwCrs","2021-03-09 13:30:33","2021-03-09 13:34:22","2021-03-09 13:34:22","","Postdoctoral researcher","1","2","2, 3","7","data cleansing, filtering, tokenization","bash, sql,  docker","yes, my own..
with a random starting value you don't get the same results, which is wanted.
despite this: no","1, 2","1, 2","unix shell","11, 13","11, 13","","2","1","4","","",""
"me_i5kFRrosbxQlcW6RXZSR_SI6ZYJZsudhAbXGJTzVhw8blj594bCsqVl6SSeG0","2021-03-09 19:04:14","2021-03-09 19:13:41","2021-03-09 19:13:41","","","1","1","2","7","","","","2","2","","11, 12","11, 12","","1, 3","1, 3","1","","",""
"wDggp4P0jdJUaq4o5PheoAZ5fhBwO6e6hQbSWMH1My99ELL2srpKhWYGsyxKDQld","2021-03-09 21:50:28","","","","","","","","","","","","","","","","","","","","","","",""
"ZLx4Xwruh7BTw4BR1hEH2o0UTm0YA3FNlB6wyXmrw-gMlcrXXg6QnsSgJRhLXiN4","2021-03-09 21:50:42","","","","","","","","","","","","","","","","","","","","","","",""
"U_G-ZivKTfydZdBFN9vWoo4qNYbAIWRVvE8PbSqpD1aAZGmpQU6lVjLDqYGfal53","2021-03-09 21:52:55","","","","","","","","","","","","","","","","","","","","","","",""
"37yA0FOt2hV1Z3I1kQnedgCqaTJMcjSqO5oXrm7Mm1pi1yu_wFr35_pE-ob7TpYt","2021-03-09 21:52:55","","","","","","","","","","","","","","","","","","","","","","",""
"yVYoeWIG8IP4jW5Kqu0QaeuQNGUSZjsyDnZVcEBNiZ7UfEfRcgAfxPgxKLLNUwkt","2021-03-09 21:52:55","","","","","","","","","","","","","","","","","","","","","","",""
"hWpfZAZU81uElP1w1zHskQdKvDyem92OoE22VdtP7jjcVJ4OGDlZj5DZ7HJL3V1s","2021-03-10 03:59:37","","","","","","","","","","","","","","","","","","","","","","",""
"95Ue18062gbRXpNw2-uYQNpXiNSG8MC5mrgr2AHcyA_uZgtXWk2ULvIOnVMTEoBm","2021-03-10 04:00:30","","","","","","","","","","","","","","","","","","","","","","",""
"gxCW0XK4vM21PGtYtohVx7YeGfdW3AfNIbNhbxqwX2pmmAfl0DlYMaN6xS5ciX5r","2021-03-10 11:12:26","","","","","","","","","","","","","","","","","","","","","","",""
"XS1z1yYf_SfvwcQ_STUP8mmlwtqaD3AGC-zsX6bRekIL0kXQExq1ElplIm5vdEWr","2021-03-10 15:42:10","","","","","","","","","","","","","","","","","","","","","","",""
"dKsNDUAxNrKK_EbHIKRAD7_Wlh3N4ZHxoP1ip3sDh6tiq3MP6O6wUvIZV-L-INol","2021-03-10 15:42:16","","","","","","","","","","","","","","","","","","","","","","",""
"GZbkDo0x2MjLsy5spQypnCpv7lPeyJ7e3Y7ayx7mbrE_9PunkGjiEeu8WCCHvs-l","2021-03-10 17:10:30","","","","","","","","","","","","","","","","","","","","","","",""
"ugVlcjCA-FH7LnZ9kbSbkTiZx24BMxy0nUuKo7qpHfMpyypJd5KQCjiyYiAhMMUw","2021-03-10 19:27:48","","","","","","","","","","","","","","","","","","","","","","",""
"TqpmmAKcOgq-2yAhsmt118r6Pf4aTLBVYFCHLoEAydJyslnh64H-ycDBgEiWXLfr","2021-03-10 19:27:55","","","","","","","","","","","","","","","","","","","","","","",""
"DHLvkWeSBTTBf03lUGZb6uEChqB55IxEWMD2iEJhJKLkHtCLZox_sfpGw--nueFJ","2021-03-10 21:50:17","","","","","","","","","","","","","","","","","","","","","","",""
"4vOOPtwySJgSniUbL5h0LojAofT9YYkJoX2_XyJ40nNi-NpS36_qlWRWbgwzHrj8","2021-03-10 21:50:31","","","","","","","","","","","","","","","","","","","","","","",""
"wSfLpTheUXomqMDA1Wyg378QquEtXuf-YKclnIXDrc0DXomubF9ImJHzwnauBrjG","2021-03-10 21:52:33","","","","","","","","","","","","","","","","","","","","","","",""
"0hJET7V8WU6PKlJJyHJxtNkdooxV7SsekEFjw6JRSGnzbFuIQ2VmBeb9PStfGPKa","2021-03-10 21:52:33","","","","","","","","","","","","","","","","","","","","","","",""
"V5N-wld2FCKk3ECZSUB_0FSeFgNkAtshJ_K3NBiSInDip2oBFiYM8ViLadEsSgcY","2021-03-10 21:52:34","","","","","","","","","","","","","","","","","","","","","","",""
"OukWp_Qz8xSCROs22d2l-dITXxUGKiaITl7OsOTWf-3hWhsRyEmUAyfzUaGR5LpN","2021-03-11 13:48:49","2021-03-11 13:57:12","","","Researcher ","1","2","","","","","","","","","","","","","","","","",""
"DcH0GjVgh_IzNCusG1NrrLE6LklsGdYpYiQGzSc4-iotgZ3o7Ofz1JoGh7EoYW9_","2021-03-11 15:03:26","","","","","","","","","","","","","","","","","","","","","","",""
"B5CQuTBpoi-PVW_J1KdS4P4cr0N_KxBuKIWsQ4sbiJxMPSBA-d2Q_pfybW0e-Jk0","2021-03-11 21:50:38","","","","","","","","","","","","","","","","","","","","","","",""
"y4SqUZq-48O2xagEP3GMBRS_d50PvrE-U9HHOsscUwnvdRs2xxpRpNuMuJs2dmVo","2021-03-11 21:50:53","","","","","","","","","","","","","","","","","","","","","","",""
"edsmGJR7MrpA5EbiJDWLknz5wBjC6nsev3X5qY99oHrJEpIRdiONlJkiHvCqme4q","2021-03-11 21:53:01","","","","","","","","","","","","","","","","","","","","","","",""
"4HBZ4XIByjrxgkQmpGTC92kI_JOYWo84t0bNgFi_d2k_fMHvjgJr0HPVGWPlOWK6","2021-03-11 21:53:01","","","","","","","","","","","","","","","","","","","","","","",""
"H_0tbzoFN6xpJOLCQp44CbvkKwDfOVZig_AdgTwrCSytEEerLtwHdfPg8c9FxPEo","2021-03-11 21:53:01","","","","","","","","","","","","","","","","","","","","","","",""
